dataset,algo,k,sil,db,ch
blobs,kmeans,4,0.7556721060910236,0.33942764903240286,5937.966481106054
blobs,kmedoids,4,0.581409792835331,0.78753443683709,1712.667532373858
moons,kmeans,2,0.49426888770159366,0.8108275871140749,1111.5673617342884
moons,kmedoids,2,0.48525227619509237,0.8181948331713641,1061.468037360621
circles,kmeans,2,0.35255665720851864,1.1866611312579376,457.33774707485145
circles,kmedoids,2,0.3520131107473159,1.1876854656819824,455.6874996341204
iris,kmeans,3,0.4798814508199817,0.7893630242997913,157.36015312192248
iris,kmedoids,3,0.4590416105554613,0.8384547897989041,239.7482681281416
